{"cameraMode":{"drawMode":0,"name":"Shaded","section":"Shading Mode"},"sceneLighting":false,"audioPlay":false,"sceneViewState":{"m_AlwaysRefresh":false,"showFog":true,"showSkybox":false,"showFlares":true,"showImageEffects":true,"showParticleSystems":true,"showVisualEffectGraphs":true,"m_FxEnabled":true},"in2DMode":false,"pivot":{"x":-4.725664138793945,"y":-1.0461137294769288,"z":26.496326446533204},"rotation":{"x":-0.17283083498477937,"y":-0.011817694641649723,"z":0.0021071850787848236,"w":-0.9849148392677307},"size":19.88051986694336,"orthographic":false}