{"cameraMode":{"drawMode":0,"name":"Shaded","section":"Shading Mode"},"sceneLighting":false,"audioPlay":false,"sceneViewState":{"m_AlwaysRefresh":false,"showFog":true,"showSkybox":false,"showFlares":true,"showImageEffects":true,"showParticleSystems":true,"showVisualEffectGraphs":true,"m_FxEnabled":true},"in2DMode":false,"pivot":{"x":0.33590883016586306,"y":-0.11478376388549805,"z":-22.21567726135254},"rotation":{"x":-0.10988681763410568,"y":-0.22691205143928529,"z":0.02577590011060238,"w":-0.9673591256141663},"size":1.145643949508667,"orthographic":false}