{"cameraMode":{"drawMode":0,"name":"Shaded","section":"Shading Mode"},"sceneLighting":false,"audioPlay":false,"sceneViewState":{"m_AlwaysRefresh":false,"showFog":true,"showSkybox":false,"showFlares":true,"showImageEffects":true,"showParticleSystems":true,"showVisualEffectGraphs":true,"m_FxEnabled":true},"in2DMode":false,"pivot":{"x":-3.00920033454895,"y":11.696186065673829,"z":-25.962398529052736},"rotation":{"x":-0.055182695388793948,"y":-0.004495054017752409,"z":0.00027953169774264097,"w":-0.9984971284866333},"size":6.447282314300537,"orthographic":false}