{"cameraMode":{"drawMode":0,"name":"Shaded","section":"Shading Mode"},"sceneLighting":false,"audioPlay":false,"sceneViewState":{"m_AlwaysRefresh":false,"showFog":true,"showSkybox":false,"showFlares":true,"showImageEffects":true,"showParticleSystems":true,"showVisualEffectGraphs":true,"m_FxEnabled":true},"in2DMode":false,"pivot":{"x":-0.8013498783111572,"y":0.06786634027957916,"z":0.018257617950439454},"rotation":{"x":-0.03267296776175499,"y":0.044959161430597308,"z":-0.0014413928147405387,"w":-0.9984790086746216},"size":1.8903367519378663,"orthographic":false}